<?xml version="1.0" encoding="UTF-8" standalone="no"?>
<endpoints xmlns="http://xml.netbeans.org/schema/endPoints" xmlns:xsi="http://www.w3.org/2001/XMLSchema-instance" xsi:schemaLocation="http://xml.netbeans.org/schema/endPoints endPoints.xsd">
    <project>
        <name>ServiciosVentaCA</name>
        <version>1.0</version>
        <description>description</description>
    </project>
    <team>
        <name>unknown team</name>
        <contact>no contact provided</contact>
    </team>
    <endpoint>
        <type>provider</type>
        <endpoint-name>VentaLibrosWSDLPortTypeRole_myRole</endpoint-name>
        <service-name>
            <namespace>http://enterprise.netbeans.org/bpel/ServiciosVenta1/serviciosVenta1</namespace>
            <localname>VentaLibros</localname>
        </service-name>
        <interface-name>
            <namespace>http://j2ee.netbeans.org/wsdl/ServiciosVenta1/src/VentaLibrosWSDL</namespace>
            <localname>VentaLibrosWSDLPortType</localname>
        </interface-name>
        <description>description of the service provided or consumed through this endPoint</description>
    </endpoint>
    <endpoint>
        <type>consumer</type>
        <endpoint-name>WSAlmacenRole_partnerRole</endpoint-name>
        <service-name>
            <namespace>http://enterprise.netbeans.org/bpel/ServiciosVenta1/serviciosVenta1</namespace>
            <localname>AlmacenService</localname>
        </service-name>
        <interface-name>
            <namespace>http://wsalmacen/</namespace>
            <localname>WSAlmacen</localname>
        </interface-name>
        <description>description of the service provided or consumed through this endPoint</description>
    </endpoint>
    <endpoint>
        <type>consumer</type>
        <endpoint-name>WsDeliveryOrderRole_partnerRole</endpoint-name>
        <service-name>
            <namespace>http://enterprise.netbeans.org/bpel/ServiciosVenta1/serviciosVenta1</namespace>
            <localname>DeliveryOrder</localname>
        </service-name>
        <interface-name>
            <namespace>http://wsdeliveryorder/</namespace>
            <localname>WsDeliveryOrder</localname>
        </interface-name>
        <description>description of the service provided or consumed through this endPoint</description>
    </endpoint>
    <endpoint>
        <type>consumer</type>
        <endpoint-name>WSCobroRole_partnerRole</endpoint-name>
        <service-name>
            <namespace>http://enterprise.netbeans.org/bpel/ServiciosVenta1/serviciosVenta1</namespace>
            <localname>Cobro</localname>
        </service-name>
        <interface-name>
            <namespace>http://wscobro/</namespace>
            <localname>WSCobro</localname>
        </interface-name>
        <description>description of the service provided or consumed through this endPoint</description>
    </endpoint>
</endpoints>
